RUTA SERVIDOR;WIKIS;NOMBRE SERVIDOR
/materias/wikis/;~arti4001/;sistemas.virtual.uniandes.edu.co
/materias/wikis/;~arti4002/;sistemas.virtual.uniandes.edu.co
/materias/wikis/;~arti4003/;sistemas.virtual.uniandes.edu.co
/materias/wikis/;~arti4004/;sistemas.virtual.uniandes.edu.co
/materias/wikis/;~arti4101/;sistemas.virtual.uniandes.edu.co
/materias/wikis/;~arti4102/;sistemas.virtual.uniandes.edu.co
/materias/wikis/;~arti4103/;sistemas.virtual.uniandes.edu.co
/materias/wikis/;~arti4104/;sistemas.virtual.uniandes.edu.co
/materias/wikis/;~arti4106/;sistemas.virtual.uniandes.edu.co
/materias/wikis/;~arti4201/;sistemas.virtual.uniandes.edu.co
/materias/wikis/;~arti4202/;sistemas.virtual.uniandes.edu.co
/materias/wikis/;~arti4203/;sistemas.virtual.uniandes.edu.co
/materias/wikis/;~arti4204/;sistemas.virtual.uniandes.edu.co
/materias/wikis/;~arti4205/;sistemas.virtual.uniandes.edu.co
/materias/wikis/;~arti4206/;sistemas.virtual.uniandes.edu.co
/materias/wikis/;~arti4301/;sistemas.virtual.uniandes.edu.co
/profs/wikis;~a-sotelo/;sistemas.virtual.uniandes.edu.co
/profs/wikis;~camil-ji/;sistemas.virtual.uniandes.edu.co
/profs/wikis;~carl-veg/;sistemas.virtual.uniandes.edu.co
/profs/wikis;~cjimenez/;sistemas.virtual.uniandes.edu.co
/materias/wikis/;~csof5100/;sistemas.virtual.uniandes.edu.co
/materias/wikis/;~csof5101/;sistemas.virtual.uniandes.edu.co
/materias/wikis/;~csof5103/;sistemas.virtual.uniandes.edu.co
/materias/wikis/;~csof5104/;sistemas.virtual.uniandes.edu.co
/materias/wikis/;~csof5200/;sistemas.virtual.uniandes.edu.co
/materias/wikis/;~csof5203/;sistemas.virtual.uniandes.edu.co
/materias/wikis/;~csof5204/;sistemas.virtual.uniandes.edu.co
/materias/wikis/;~csof5301/;sistemas.virtual.uniandes.edu.co
/materias/wikis/;~csof5302/;sistemas.virtual.uniandes.edu.co
/materias/wikis/;~csof5303/;sistemas.virtual.uniandes.edu.co
/profs/wikis;~dcorreal/;sistemas.virtual.uniandes.edu.co
/profs/wikis;~df.mendez73/;sistemas.virtual.uniandes.edu.co
/profs/wikis;~df.roa34/;sistemas.virtual.uniandes.edu.co
/profs/wikis;~ee.rosales24/;sistemas.virtual.uniandes.edu.co
/profs/wikis;~fde/;sistemas.virtual.uniandes.edu.co
/profs/wikis;~frueda/;sistemas.virtual.uniandes.edu.co
/profs/wikis;~ga.sotelo69/;sistemas.virtual.uniandes.edu.co
/profs/wikis;~gbravo/;sistemas.virtual.uniandes.edu.co
/profs/wikis;~ha.florez39/;sistemas.virtual.uniandes.edu.co
/profs/wikis;~hcastro/;sistemas.virtual.uniandes.edu.co
/materias/wikis/;~isis1001/;sistemas.virtual.uniandes.edu.co
/materias/wikis/;~isis1002/;sistemas.virtual.uniandes.edu.co
/materias/wikis/;~isis1005/;sistemas.virtual.uniandes.edu.co
/materias/wikis/;~isis1101/;sistemas.virtual.uniandes.edu.co
/materias/wikis/;~isis1104/;sistemas.virtual.uniandes.edu.co
/materias/wikis/;~isis1105/;sistemas.virtual.uniandes.edu.co
/materias/wikis/;~isis1106/;sistemas.virtual.uniandes.edu.co
/materias/wikis/;~isis1204/;sistemas.virtual.uniandes.edu.co
/materias/wikis/;~isis1205/;sistemas.virtual.uniandes.edu.co
/materias/wikis/;~isis1206/;sistemas.virtual.uniandes.edu.co
/materias/wikis/;~isis1301/;sistemas.virtual.uniandes.edu.co
/materias/wikis/;~isis1304/;sistemas.virtual.uniandes.edu.co
/materias/wikis/;~isis1404/;sistemas.virtual.uniandes.edu.co
/materias/wikis/;~isis1602/;sistemas.virtual.uniandes.edu.co
/materias/wikis/;~isis1602B/;sistemas.virtual.uniandes.edu.co
/materias/wikis/;~isis1603b/;sistemas.virtual.uniandes.edu.co
/materias/wikis/;~isis1603B/;sistemas.virtual.uniandes.edu.co
/materias/wikis/;~isis2007/;sistemas.virtual.uniandes.edu.co
/materias/wikis/;~isis2008/;sistemas.virtual.uniandes.edu.co
/materias/wikis/;~isis2102/;sistemas.virtual.uniandes.edu.co
/materias/wikis/;~isis2203/;sistemas.virtual.uniandes.edu.co
/materias/wikis/;~isis2204/;sistemas.virtual.uniandes.edu.co
/materias/wikis/;~isis2304/;sistemas.virtual.uniandes.edu.co
/materias/wikis/;~isis2403/;sistemas.virtual.uniandes.edu.co
/materias/wikis/;~isis2501/;sistemas.virtual.uniandes.edu.co
/materias/wikis/;~isis2503/;sistemas.virtual.uniandes.edu.co
/materias/wikis/;~isis2603/;sistemas.virtual.uniandes.edu.co
/materias/wikis/;~isis2701/;sistemas.virtual.uniandes.edu.co
/materias/wikis/;~isis2901/;sistemas.virtual.uniandes.edu.co
/materias/wikis/;~isis3007/;sistemas.virtual.uniandes.edu.co
/materias/wikis/;~isis3008/;sistemas.virtual.uniandes.edu.co
/materias/wikis/;~isis3009/;sistemas.virtual.uniandes.edu.co
/materias/wikis/;~isis3104/;sistemas.virtual.uniandes.edu.co
/materias/wikis/;~isis3204/;sistemas.virtual.uniandes.edu.co
/materias/wikis/;~isis3301/;sistemas.virtual.uniandes.edu.co
/materias/wikis/;~isis3302/;sistemas.virtual.uniandes.edu.co
/materias/wikis/;~isis3422/;sistemas.virtual.uniandes.edu.co
/materias/wikis/;~isis3423/;sistemas.virtual.uniandes.edu.co
/materias/wikis/;~isis3425/;sistemas.virtual.uniandes.edu.co
/materias/wikis/;~isis3426/;sistemas.virtual.uniandes.edu.co
/materias/wikis/;~isis3508/;sistemas.virtual.uniandes.edu.co
/materias/wikis/;~isis3510/;sistemas.virtual.uniandes.edu.co
/materias/wikis/;~isis3511/;sistemas.virtual.uniandes.edu.co
/materias/wikis/;~isis3702/;sistemas.virtual.uniandes.edu.co
/materias/wikis/;~isis3802/;sistemas.virtual.uniandes.edu.co
/materias/wikis/;~isis3807/;sistemas.virtual.uniandes.edu.co
/materias/wikis/;~isis3810/;sistemas.virtual.uniandes.edu.co
/materias/wikis/;~isis3811/;sistemas.virtual.uniandes.edu.co
/materias/wikis/;~isis4000/;sistemas.virtual.uniandes.edu.co
/materias/wikis/;~isis4001/;sistemas.virtual.uniandes.edu.co
/materias/wikis/;~isis4002/;sistemas.virtual.uniandes.edu.co
/materias/wikis/;~isis4004/;sistemas.virtual.uniandes.edu.co
/materias/wikis/;~isis4006/;sistemas.virtual.uniandes.edu.co
/materias/wikis/;~isis4007/;sistemas.virtual.uniandes.edu.co
/materias/wikis/;~isis4008/;sistemas.virtual.uniandes.edu.co
/materias/wikis/;~isis4009/;sistemas.virtual.uniandes.edu.co
/materias/wikis/;~isis4208/;sistemas.virtual.uniandes.edu.co
/materias/wikis/;~isis4209/;sistemas.virtual.uniandes.edu.co
/materias/wikis/;~isis4210/;sistemas.virtual.uniandes.edu.co
/materias/wikis/;~isis4211/;sistemas.virtual.uniandes.edu.co
/materias/wikis/;~isis4212/;sistemas.virtual.uniandes.edu.co
/materias/wikis/;~isis4215/;sistemas.virtual.uniandes.edu.co
/materias/wikis/;~isis4301/;sistemas.virtual.uniandes.edu.co
/materias/wikis/;~isis4307/;sistemas.virtual.uniandes.edu.co
/materias/wikis/;~isis4308/;sistemas.virtual.uniandes.edu.co
/materias/wikis/;~isis4409/;sistemas.virtual.uniandes.edu.co
/materias/wikis/;~isis4411/;sistemas.virtual.uniandes.edu.co
/materias/wikis/;~isis4412/;sistemas.virtual.uniandes.edu.co
/materias/wikis/;~isis4415/;sistemas.virtual.uniandes.edu.co
/materias/wikis/;~isis4417/;sistemas.virtual.uniandes.edu.co
/materias/wikis/;~isis4418/;sistemas.virtual.uniandes.edu.co
/materias/wikis/;~isis4420/;sistemas.virtual.uniandes.edu.co
/materias/wikis/;~isis4421/;sistemas.virtual.uniandes.edu.co
/materias/wikis/;~isis4422/;sistemas.virtual.uniandes.edu.co
/materias/wikis/;~isis4426/;sistemas.virtual.uniandes.edu.co
/materias/wikis/;~isis4427/;sistemas.virtual.uniandes.edu.co
/materias/wikis/;~isis4429/;sistemas.virtual.uniandes.edu.co
/materias/wikis/;~isis4503/;sistemas.virtual.uniandes.edu.co
/materias/wikis/;~isis4506/;sistemas.virtual.uniandes.edu.co
/materias/wikis/;~isis4509/;sistemas.virtual.uniandes.edu.co
/materias/wikis/;~isis4510/;sistemas.virtual.uniandes.edu.co
/materias/wikis/;~isis4511/;sistemas.virtual.uniandes.edu.co
/materias/wikis/;~isis4512/;sistemas.virtual.uniandes.edu.co
/materias/wikis/;~isis4513/;sistemas.virtual.uniandes.edu.co
/materias/wikis/;~isis4514/;sistemas.virtual.uniandes.edu.co
/materias/wikis/;~isis4515/;sistemas.virtual.uniandes.edu.co
/materias/wikis/;~isis4516/;sistemas.virtual.uniandes.edu.co
/materias/wikis/;~isis4517/;sistemas.virtual.uniandes.edu.co
/materias/wikis/;~isis4518/;sistemas.virtual.uniandes.edu.co
/materias/wikis/;~isis4519/;sistemas.virtual.uniandes.edu.co
/materias/wikis/;~isis4605/;sistemas.virtual.uniandes.edu.co
/materias/wikis/;~isis4610/;sistemas.virtual.uniandes.edu.co
/materias/wikis/;~isis4613/;sistemas.virtual.uniandes.edu.co
/materias/wikis/;~isis4616/;sistemas.virtual.uniandes.edu.co
/materias/wikis/;~isis4617/;sistemas.virtual.uniandes.edu.co
/materias/wikis/;~isis4618/;sistemas.virtual.uniandes.edu.co
/materias/wikis/;~isis4619/;sistemas.virtual.uniandes.edu.co
/materias/wikis/;~isis4622/;sistemas.virtual.uniandes.edu.co
/materias/wikis/;~isis4705/;sistemas.virtual.uniandes.edu.co
/materias/wikis/;~isis4707/;sistemas.virtual.uniandes.edu.co
/materias/wikis/;~isis4712/;sistemas.virtual.uniandes.edu.co
/materias/wikis/;~isis4713/;sistemas.virtual.uniandes.edu.co
/materias/wikis/;~isis4714/;sistemas.virtual.uniandes.edu.co
/materias/wikis/;~isis4715/;sistemas.virtual.uniandes.edu.co
/materias/wikis/;~isis4716/;sistemas.virtual.uniandes.edu.co
/materias/wikis/;~isis4717/;sistemas.virtual.uniandes.edu.co
/materias/wikis/;~isis4718/;sistemas.virtual.uniandes.edu.co
/materias/wikis/;~isis4754/;sistemas.virtual.uniandes.edu.co
/materias/wikis/;~isis4804/;sistemas.virtual.uniandes.edu.co
/materias/wikis/;~isis4813/;sistemas.virtual.uniandes.edu.co
/materias/wikis/;~isis4814/;sistemas.virtual.uniandes.edu.co
/materias/wikis/;~isis4818/;sistemas.virtual.uniandes.edu.co
/materias/wikis/;~isis4820/;sistemas.virtual.uniandes.edu.co
/materias/wikis/;~isis4822/;sistemas.virtual.uniandes.edu.co
/materias/wikis/;~isis4823/;sistemas.virtual.uniandes.edu.co
/materias/wikis/;~isis4824/;sistemas.virtual.uniandes.edu.co
/materias/wikis/;~isis4825/;sistemas.virtual.uniandes.edu.co
/materias/wikis/;~isis4826/;sistemas.virtual.uniandes.edu.co
/profs/wikis;~jabasolo/;sistemas.virtual.uniandes.edu.co
/profs/wikis;~jhernand/;sistemas.virtual.uniandes.edu.co
/profs/wikis;~jo-casal/;sistemas.virtual.uniandes.edu.co
/profs/wikis;~js.urrego110/;sistemas.virtual.uniandes.edu.co
/profs/wikis;~jua-gome/;sistemas.virtual.uniandes.edu.co
/profs/wikis;~jvillalo/;sistemas.virtual.uniandes.edu.co
/profs/wikis;~kj.garces971/;sistemas.virtual.uniandes.edu.co
/profs/wikis;~lc.manzur441/;sistemas.virtual.uniandes.edu.co
/profs/wikis;~marc-her/;sistemas.virtual.uniandes.edu.co
/profs/wikis;~mar-san1/;sistemas.virtual.uniandes.edu.co
/materias/wikis/;~mbit4001/;sistemas.virtual.uniandes.edu.co
/materias/wikis/;~mbit4201/;sistemas.virtual.uniandes.edu.co
/materias/wikis/;~mbit4202/;sistemas.virtual.uniandes.edu.co
/materias/wikis/;~miso4001/;sistemas.virtual.uniandes.edu.co
/materias/wikis/;~miso4002/;sistemas.virtual.uniandes.edu.co
/materias/wikis/;~miso4101/;sistemas.virtual.uniandes.edu.co
/materias/wikis/;~miso4202/;sistemas.virtual.uniandes.edu.co
/materias/wikis/;~miso4203/;sistemas.virtual.uniandes.edu.co
/materias/wikis/;~miso4204/;sistemas.virtual.uniandes.edu.co
/profs/wikis;~mj.villamizar24/;sistemas.virtual.uniandes.edu.co
/materias/wikis/;~msin4001/;sistemas.virtual.uniandes.edu.co
/materias/wikis/;~msin4101/;sistemas.virtual.uniandes.edu.co
/materias/wikis/;~msin4102/;sistemas.virtual.uniandes.edu.co
/materias/wikis/;~msin4202/;sistemas.virtual.uniandes.edu.co
/materias/wikis/;~msin4203/;sistemas.virtual.uniandes.edu.co
/profs/wikis;~ogiraldo/;sistemas.virtual.uniandes.edu.co
/profs/wikis;~o-gonza1/;sistemas.virtual.uniandes.edu.co
/profs/wikis;~oj.avila/;sistemas.virtual.uniandes.edu.co
/profs/wikis;~olmarino/;sistemas.virtual.uniandes.edu.co
/profs/wikis;~pa.gomez398/;sistemas.virtual.uniandes.edu.co
/profs/wikis;~pfiguero/;sistemas.virtual.uniandes.edu.co
/profs/wikis;~ragomez/;sistemas.virtual.uniandes.edu.co
/profs/wikis;~rcardoso/;sistemas.virtual.uniandes.edu.co
/profs/wikis;~rcasalla/;sistemas.virtual.uniandes.edu.co
/profs/wikis;~rg.meneses81/;sistemas.virtual.uniandes.edu.co
/profs/wikis;~safe5310/;sistemas.virtual.uniandes.edu.co
/profs/wikis;~sarueda/;sistemas.virtual.uniandes.edu.co
/profs/wikis;~vm.toro815/;sistemas.virtual.uniandes.edu.co
/profs/wikis;~ydonoso/;sistemas.virtual.uniandes.edu.co
